CVE|Product|BF|E|NF|R|WR-OD|WR-OW|WR-OM|WR-M|PS-OW|PS-OM|PS-OY|PS-M|W-H|W-M|W-L|PT_E|PT_M|PT_NC
CVE-2017-15808|phpMyFAQ|0|0|0|0|0|0|0|2|0|0|0|2|2|0|0|2|0|0
CVE-2002-2443|krb5|1|0|0|0|0|0|0|2|0|0|0|2|0|0|2|2|0|0
CVE-2017-15809|phpMyFAQ|0|0|0|0|0|1|1|1|0|0|0|3|3|0|0|3|0|0
CVE-2008-7050|wowraidmanager|1|3|1|0|0|0|0|3|0|0|3|0|3|0|0|3|0|0
CVE-2015-8807|horde|0|0|0|0|0|0|0|1|0|0|0|1|1|0|0|1|0|0
CVE-2009-3287|thin|4|0|0|0|1|1|2|1|0|0|4|1|5|0|0|5|0|0
CVE-2012-3866|puppet|0|0|1|0|0|0|1|2|0|0|0|3|1|2|0|3|0|0
CVE-2017-15872|phpwcms|0|0|0|0|0|0|2|5|0|0|1|6|7|0|0|7|0|0
CVE-2010-0011|uzbl|1|0|0|0|0|0|0|4|0|0|4|0|3|1|0|4|0|0
CVE-2010-1155|irssi-proxy|0|0|0|0|0|1|0|0|0|0|0|1|1|0|0|1|0|0
CVE-2015-8813|Umbraco-CMS|0|1|0|0|0|0|0|1|0|0|0|1|0|1|0|1|0|0
CVE-2015-8896|ImageMagick|1|0|0|0|6|5|1|0|1|0|0|11|10|2|0|12|0|0
CVE-2013-0281|pacemaker|3|0|0|0|2|7|16|0|0|0|0|25|24|1|0|25|0|0
CVE-2013-1770|ganglia-web|0|2|1|1|3|5|5|0|0|2|4|7|11|1|1|13|0|0
CVE-2013-1800|crack|0|0|0|0|0|0|1|0|1|0|0|0|1|0|0|1|0|0
CVE-2013-1801|httparty|0|0|0|0|1|1|0|0|0|0|1|1|1|1|0|1|1|0
CVE-2015-8897|ImageMagick|0|0|0|0|0|1|2|0|1|0|1|1|3|0|0|3|0|0
CVE-2013-1812|ruby-openid|1|1|0|0|0|2|5|0|0|0|0|7|5|1|1|6|1|0
CVE-2015-8898|ImageMagick|0|0|0|0|0|0|1|0|1|0|0|0|1|0|0|1|0|0
CVE-2013-1944|curl|2|0|0|0|0|0|3|0|0|0|0|3|3|0|0|3|0|0
CVE-2015-8900|ImageMagick|0|0|0|0|0|0|2|0|0|0|0|2|2|0|0|2|0|0
CVE-2013-2035|hawtjni|0|1|0|0|0|0|4|0|0|0|4|0|4|0|0|4|0|0
CVE-2013-2061|openvpn|0|0|0|0|0|0|1|0|1|0|0|0|1|0|0|1|0|0
CVE-2015-8949|DBD-mysql|2|0|0|0|2|0|0|0|0|0|0|2|2|0|0|1|1|0
CVE-2013-4136|passenger|0|0|0|0|1|0|0|0|0|0|0|1|1|0|0|1|0|0
CVE-2017-16510|WordPress|8|1|1|0|3|11|0|0|0|0|0|14|12|1|1|13|1|0
CVE-2017-16546|ImageMagick|0|0|0|0|1|0|0|0|0|0|0|1|1|0|0|1|0|0
CVE-2017-16615|MLAlchemy|0|0|0|0|1|0|0|0|1|0|0|0|1|0|0|1|0|0
CVE-2017-16618|owlmixin|0|0|1|0|1|2|0|0|0|0|3|0|3|0|0|3|0|0
CVE-2017-16642|timelib|0|0|0|0|0|1|0|0|1|0|0|0|1|0|0|1|0|0
CVE-2015-8957|ImageMagick|0|0|0|0|1|2|0|0|0|0|0|3|3|0|0|3|0|0
CVE-2015-8957|ImageMagick|0|0|0|0|0|0|1|0|1|0|0|0|1|0|0|1|0|0
CVE-2013-6370|json-c|0|2|1|0|2|2|1|4|4|0|0|5|8|0|1|9|0|0
CVE-2013-6371|json-c|0|2|1|0|2|2|1|4|4|0|0|5|8|0|1|9|0|0
CVE-2015-8957|ImageMagick|0|0|0|0|0|0|2|0|1|0|0|1|2|0|0|2|0|0
CVE-2013-6372|subversion-plugin|2|0|0|0|1|1|0|0|0|0|0|2|2|0|0|2|0|0
CVE-2017-16759|librenms|1|1|1|0|1|1|0|0|0|0|0|2|2|0|0|2|0|0
CVE-2013-6441|lxc|0|1|0|0|0|1|0|0|0|0|0|1|1|0|0|1|0|0
CVE-2017-16792|geminabox|1|0|0|0|1|0|0|0|0|0|0|1|1|0|0|1|0|0
CVE-2013-7222|fat_free_crm|0|0|0|0|0|1|0|0|0|0|0|1|1|0|0|1|0|0
CVE-2013-7224|fat_free_crm|0|0|0|0|0|1|1|0|0|0|0|2|1|1|0|2|0|0
CVE-2013-7225|fat_free_crm|1|0|0|0|0|1|0|0|0|0|0|1|1|0|0|1|0|0
CVE-2017-16802|MISP|0|0|0|0|1|1|0|0|0|0|0|2|2|0|0|2|0|0
CVE-2013-7249|fat_free_crm|0|0|0|0|0|1|1|0|0|0|0|2|1|1|0|2|0|0
CVE-2015-8958|ImageMagick|0|0|0|0|0|1|2|0|1|0|1|1|3|0|0|3|0|0
CVE-2013-7345|file|0|0|0|0|0|0|1|0|0|0|0|1|1|0|0|0|1|0
CVE-2013-7441|nbd|0|0|0|0|3|2|1|0|0|0|0|6|5|0|1|6|0|0
CVE-2013-7449|hexchat|0|0|0|0|0|1|0|0|0|0|1|0|1|0|0|1|0|0
CVE-2013-7456|libgd|0|0|0|0|0|0|1|0|0|0|0|1|1|0|0|1|0|0
CVE-2013-7459|pycrypto|0|0|0|0|0|1|0|0|0|0|0|1|1|0|0|1|0|0
CVE-2014-0012|jinja2|0|0|0|0|0|1|0|0|0|0|0|1|1|0|0|1|0|0
CVE-2015-8958|ImageMagick|0|0|0|0|0|1|1|0|1|0|0|1|2|0|0|2|0|0
CVE-2015-8958|ImageMagick|0|0|0|0|1|2|1|0|1|0|0|3|4|0|0|4|0|0
CVE-2014-0120|hawtio|1|0|0|0|3|4|0|0|0|0|5|2|5|2|0|7|0|0
CVE-2015-8958|ImageMagick|0|0|0|0|0|2|1|0|1|0|0|2|3|0|0|3|0|0
CVE-2015-9059|picocom|1|0|0|0|1|2|0|0|1|0|0|2|3|0|0|3|0|0
CVE-2014-0121|hawtio|1|0|0|0|4|1|1|0|0|0|5|1|5|1|0|6|0|0
CVE-2014-0207|file|1|0|0|0|1|3|0|0|0|0|0|4|3|0|1|3|1|0
CVE-2017-16833|gemirro|1|0|0|0|0|1|0|0|0|0|0|1|1|0|0|1|0|0
CVE-2017-16876|mistune|1|0|0|0|2|1|0|0|1|0|0|2|2|1|0|3|0|0
CVE-2017-16880|whoops|0|0|0|0|1|0|0|0|0|0|0|1|0|1|0|1|0|0
CVE-2017-16946|MISP|1|0|0|0|1|0|0|0|0|0|0|1|1|0|0|1|0|0
CVE-2017-17042|yard|0|1|0|0|1|0|0|0|0|0|0|1|1|0|0|1|0|0
CVE-2014-0978|graphviz|1|0|0|0|0|1|1|0|0|0|0|2|0|2|0|2|0|0
CVE-2014-1235|graphviz|1|0|0|0|0|1|0|0|0|0|0|1|0|1|0|1|0|0
CVE-2017-17081|FFmpeg|0|0|0|0|1|0|0|0|0|0|0|1|1|0|0|1|0|0
CVE-2017-17087|vim|0|1|1|0|0|1|0|1|1|0|0|1|2|0|0|2|0|0
CVE-2017-17089|webmin|0|0|0|0|1|0|0|0|0|0|0|1|1|0|0|1|0|0
CVE-2014-1236|graphviz|1|0|1|0|1|1|1|0|0|0|0|3|1|2|0|3|0|0
CVE-2014-1604|rply|1|0|0|0|2|0|0|0|0|0|2|0|2|0|0|2|0|0
CVE-2017-17091|WordPress|0|0|1|0|0|1|1|0|0|0|0|2|1|1|0|2|0|0
CVE-2014-1832|passenger|3|0|0|0|2|1|0|0|0|0|0|3|3|0|0|3|0|0
CVE-2015-9231|iTerm2|2|0|2|0|8|9|0|0|0|0|0|17|16|1|0|17|0|0
CVE-2015-9235|node-jsonwebtoken|0|0|0|0|0|1|0|0|0|0|0|1|1|0|0|1|0|0
CVE-2015-9241|hapi|0|0|0|0|0|1|0|0|0|0|0|1|1|0|0|1|0|0
CVE-2017-17092|WordPress|0|0|0|0|2|1|0|0|0|0|0|3|3|0|0|3|0|0
CVE-2015-9253|php-src|0|0|0|0|0|2|0|0|0|0|0|2|1|1|0|2|0|0
CVE-2015-9274|harfbuzz|0|0|1|0|1|1|0|0|0|0|0|2|2|0|0|2|0|0
CVE-2017-17093|WordPress|2|0|1|0|0|2|2|0|0|0|0|4|4|0|0|4|0|0
CVE-2014-2260|ajenti|0|0|1|0|0|3|0|0|0|0|0|3|3|0|0|3|0|0
CVE-2017-17094|WordPress|1|0|0|0|0|2|0|0|0|0|0|2|2|0|0|2|0|0
CVE-2014-2270|file|2|0|1|0|2|2|2|0|0|0|0|6|5|0|1|5|1|0
CVE-2014-3158|ppp|1|0|0|0|0|0|0|1|0|0|0|1|1|0|0|1|0|0
CVE-2014-3478|file|1|0|1|0|0|2|1|0|0|0|0|3|2|0|1|2|1|0
CVE-2014-3479|file|2|0|0|0|0|2|1|0|0|0|0|3|3|0|0|3|0|0
CVE-2014-3480|file|1|0|0|0|0|1|1|0|0|0|0|2|2|0|0|2|0|0
CVE-2014-3487|file|1|0|0|0|1|1|0|0|0|0|0|2|2|0|0|2|0|0
CVE-2017-17476|otrs|0|0|0|0|1|0|0|0|0|0|0|1|1|0|0|1|0|0
CVE-2014-3498|ansible|1|0|0|0|5|5|0|0|0|1|7|2|10|0|0|10|0|0
CVE-2014-3538|file|1|0|1|0|2|1|0|0|0|0|0|3|3|0|0|3|0|0
CVE-2014-3570|openssl|1|0|1|0|0|1|2|6|2|0|1|6|7|2|0|9|0|0
CVE-2017-17897|dolibarr|1|0|2|0|2|3|0|0|0|0|0|5|5|0|0|5|0|0
CVE-2014-3571|openssl|0|0|0|0|0|0|1|0|0|0|0|1|0|0|1|1|0|0
CVE-2014-3572|openssl|0|0|1|0|0|0|1|1|0|0|0|2|1|1|0|2|0|0
CVE-2014-3587|file|0|0|0|0|1|0|0|0|0|0|0|1|1|0|0|1|0|0
CVE-2014-4502|bfgminer|0|0|1|0|1|0|0|0|0|0|0|1|0|0|1|1|0|0
CVE-2014-4502|sgminer|0|0|1|0|1|0|0|0|0|0|0|1|0|1|0|1|0|0
CVE-2014-4978|rawstudio|0|0|0|0|0|2|0|0|0|0|0|2|1|0|1|2|0|0
CVE-2014-8116|file|0|0|0|0|1|0|0|0|0|0|0|1|1|0|0|1|0|0
CVE-2014-8117|file|1|0|0|0|4|4|0|0|0|0|0|8|8|0|0|8|0|0
CVE-2014-8176|openssl|0|1|0|0|1|0|0|0|0|0|0|1|1|0|0|1|0|0
CVE-2014-8275|openssl|1|0|0|0|0|1|0|0|0|0|0|1|1|0|0|1|0|0
CVE-2014-8324|aircrack-ng|0|0|0|0|1|0|0|0|0|0|0|1|1|0|0|1|0|0
CVE-2014-8553|mantisbt|1|1|1|0|0|0|2|0|0|0|0|2|0|2|0|2|0|0
CVE-2014-8990|lsyncd|1|0|0|0|1|0|0|0|0|0|0|1|1|0|0|0|1|0
CVE-2014-9114|util-linux|0|0|1|0|2|1|0|0|0|0|0|3|3|0|0|3|0|0
CVE-2014-9496|libsndfile|1|0|0|0|1|0|0|0|0|0|0|1|1|0|0|1|0|0
CVE-2014-9634|jenkins|1|0|0|0|1|0|0|0|0|0|0|1|1|0|0|1|0|0
CVE-2014-9635|jenkins|1|0|0|0|1|0|0|0|0|0|0|1|1|0|0|1|0|0
CVE-2014-9652|file|0|0|0|0|1|1|0|0|0|0|0|2|2|0|0|2|0|0
CVE-2014-9653|file|1|0|0|0|2|1|0|0|0|0|0|3|3|0|0|3|0|0
CVE-2014-9701|mantisbt|0|0|0|0|0|0|1|0|0|0|0|1|1|0|0|1|0|0
CVE-2014-9707|goahead|0|1|0|0|2|2|0|0|0|0|2|2|4|0|0|4|0|0
CVE-2014-9773|atheme|1|0|0|0|1|0|0|0|0|0|0|1|1|0|0|1|0|0
CVE-2014-9905|sogo|0|0|0|0|0|2|2|0|0|0|0|4|3|1|0|4|0|0
CVE-2015-0205|openssl|1|0|0|0|0|0|1|0|0|0|0|1|0|1|0|1|0|0
CVE-2017-17898|dolibarr|5|0|2|0|3|8|0|0|0|0|0|11|11|0|0|11|0|0
CVE-2016-1000232|tough-cookie|1|0|0|0|3|1|1|0|2|0|3|0|4|0|1|5|0|0
CVE-2016-1000232|tough-cookie|1|0|0|0|3|1|1|0|2|0|3|0|4|0|1|5|0|0
CVE-2015-0206|openssl|2|0|0|0|2|3|2|0|0|0|0|7|5|1|1|7|0|0
CVE-2015-1191|pigz|1|0|0|1|1|2|0|0|0|0|0|3|3|0|0|3|0|0
CVE-2015-1331|lxc|3|1|0|1|4|3|0|0|0|0|0|7|6|1|0|6|1|0
CVE-2016-1000344|bc-java|2|0|0|0|10|0|0|0|1|0|4|5|8|2|0|10|0|0
CVE-2015-1335|lxc|1|0|0|1|10|4|0|0|0|0|0|14|14|0|0|14|0|0
CVE-2015-1342|lxcfs|1|0|2|0|2|4|0|0|3|0|3|0|6|0|0|6|0|0
CVE-2015-1344|lxcfs|0|0|1|0|1|1|0|0|0|1|1|0|2|0|0|2|0|0
CVE-2015-1432|phpbb|0|1|0|0|0|1|0|0|0|0|0|1|1|0|0|1|0|0
CVE-2016-1000352|bc-java|2|0|0|0|10|0|0|0|1|0|4|5|8|2|0|10|0|0
CVE-2015-1590|kamailio|0|0|1|1|2|1|1|0|0|0|0|4|4|0|0|4|0|0
CVE-2015-1788|openssl|0|0|0|0|1|0|0|0|0|0|0|1|1|0|0|1|0|0
CVE-2017-17899|dolibarr|1|0|2|0|2|3|0|0|0|0|0|5|5|0|0|5|0|0
CVE-2015-1789|openssl|0|0|0|0|1|0|0|0|0|0|0|1|1|0|0|1|0|0
CVE-2015-1790|openssl|0|0|0|0|1|0|0|0|0|0|0|1|1|0|0|1|0|0
CVE-2015-1792|openssl|1|0|0|0|1|2|1|0|0|0|0|4|4|0|0|4|0|0
CVE-2015-1838|salt|1|0|0|1|1|1|0|0|0|0|0|2|2|0|0|2|0|0
CVE-2015-1839|salt|0|0|0|0|1|0|0|0|0|0|0|1|0|1|0|1|0|0
CVE-2017-17900|dolibarr|1|0|2|0|2|3|0|0|0|0|0|5|5|0|0|5|0|0
CVE-2017-18016|parity|5|3|2|0|4|3|0|0|0|0|0|7|3|4|0|7|0|0
CVE-2017-18187|mbedtls|0|0|0|0|0|1|0|0|0|0|0|1|1|0|0|1|0|0
CVE-2017-2106|webmin|0|0|0|0|1|3|1|0|1|0|0|4|5|0|0|5|0|0
CVE-2017-2298|mcollective-sshkey-security|0|0|0|0|1|0|0|0|1|0|0|0|1|0|0|1|0|0
CVE-2017-2661|pcs|1|0|0|0|3|0|0|0|0|0|0|3|2|0|1|3|0|0
CVE-2017-2920|libofx|3|0|1|0|2|0|1|0|0|0|1|2|2|0|1|2|1|0
CVE-2017-5188|open-build-service|0|0|0|0|1|1|0|0|0|0|1|1|1|1|0|2|0|0
CVE-2017-5209|libplist|0|0|0|0|1|2|1|0|0|0|0|4|4|0|0|4|0|0
CVE-2017-5340|php-src|0|0|0|0|0|1|0|0|0|0|0|1|1|0|0|1|0|0
CVE-2017-5345|GeniXCMS|6|4|3|0|7|5|0|0|0|0|0|12|12|0|0|12|0|0
CVE-2017-5474|Serendipity|0|0|0|0|0|1|0|0|1|0|0|0|1|0|0|1|0|0
CVE-2017-5487|WordPress|1|0|2|0|0|2|0|0|0|0|0|2|0|2|0|0|2|0
CVE-2017-5488|WordPress|1|0|0|0|0|1|0|0|0|0|0|1|1|0|0|1|0|0
CVE-2016-10009|src|0|0|0|0|4|2|0|0|0|0|0|6|3|2|1|4|2|0
CVE-2015-2206|phpmyadmin|0|0|1|0|1|1|2|0|0|0|0|4|4|0|0|4|0|0
CVE-2015-2304|libarchive|0|0|0|0|0|0|2|0|2|0|0|0|2|0|0|2|0|0
CVE-2015-2310|capnproto|0|0|0|0|0|2|0|0|0|0|2|0|2|0|0|2|0|0
CVE-2015-2311|capnproto|0|0|0|0|0|1|0|0|0|1|0|0|1|0|0|1|0|0
CVE-2015-2312|capnproto|0|0|0|0|1|2|0|0|0|0|3|0|3|0|0|3|0|0
CVE-2017-5490|WordPress|0|0|0|0|1|1|0|0|0|0|0|2|1|1|0|1|1|0
CVE-2015-2313|capnproto|0|0|0|0|4|1|0|0|0|0|3|2|5|0|0|5|0|0
CVE-2015-3010|ceph-deploy|2|0|1|0|5|2|1|0|0|0|2|6|6|1|1|7|1|0
CVE-2015-3138|tcpdump|0|0|0|0|1|0|0|0|0|0|0|1|1|0|0|1|0|0
CVE-2015-3886|libinfinity|1|0|0|0|1|0|0|0|0|0|0|1|1|0|0|1|0|0
CVE-2017-5491|WordPress|0|0|0|0|0|1|0|0|0|0|0|1|0|1|0|0|0|1
CVE-2017-5492|WordPress|1|1|0|0|1|1|0|0|0|0|0|2|2|0|0|2|0|0
CVE-2016-10010|src|0|0|0|0|1|0|0|0|0|0|0|1|0|1|0|1|0|0
CVE-2017-5493|WordPress|0|0|0|0|1|1|0|0|0|0|0|2|1|1|0|0|2|0
CVE-2017-5509|ImageMagick|1|0|0|0|0|3|0|0|0|0|0|3|1|1|1|3|0|0
CVE-2017-5510|ImageMagick|0|0|0|0|1|0|0|0|0|0|0|1|1|0|0|1|0|0
CVE-2017-5511|ImageMagick|0|0|0|0|1|0|0|0|0|0|0|1|0|1|0|1|0|0
CVE-2016-10011|src|0|0|1|0|1|0|0|0|0|0|0|1|0|1|0|1|0|0
CVE-2017-5553|b2evolution|0|1|0|0|0|1|0|0|0|0|0|1|1|0|0|0|1|0
CVE-2017-5590|ChatSecure-iOS|0|0|0|0|0|3|0|0|0|0|0|3|1|0|2|3|0|0
CVE-2017-5591|slixmpp|0|0|0|0|0|1|0|0|0|0|0|1|1|0|0|1|0|0
CVE-2017-5592|profanity|0|0|0|0|1|1|0|0|0|0|0|2|2|0|0|2|0|0
CVE-2017-5595|ZoneMinder|0|0|0|0|2|1|0|0|0|0|0|3|3|0|0|3|0|0
CVE-2017-5602|jappix|0|0|0|0|3|0|0|0|0|0|0|3|3|0|0|3|0|0
CVE-2017-5605|moxl|1|0|1|0|3|1|0|0|0|0|0|4|4|0|0|4|0|0
CVE-2017-5608|Piwigo|0|0|0|0|0|1|0|0|0|0|0|1|1|0|0|1|0|0
CVE-2017-5609|Serendipity|0|0|0|0|0|1|0|0|1|0|0|0|1|0|0|1|0|0
CVE-2017-5610|WordPress|3|0|0|0|4|1|0|0|0|0|0|5|1|3|1|4|1|0
CVE-2017-5611|WordPress|1|0|0|0|0|2|0|0|0|0|0|2|2|0|0|2|0|0
CVE-2017-5612|WordPress|0|0|0|0|0|2|0|0|0|0|0|2|1|1|0|1|1|0
CVE-2017-5847|gst-plugins-ugly|1|0|0|0|0|0|2|0|0|0|0|2|1|1|0|2|0|0
CVE-2015-3903|phpmyadmin|0|0|0|0|0|0|1|0|0|0|0|1|1|0|0|1|0|0
CVE-2015-3905|t1utils|4|1|1|0|0|5|5|3|1|0|1|11|13|0|0|13|0|0
CVE-2017-5850|src|1|0|0|0|6|0|0|0|0|0|0|6|5|1|0|6|0|0
CVE-2017-5887|Starscream|3|2|0|0|3|3|0|0|0|0|1|5|1|5|0|2|4|0
CVE-2017-5934|moin-1.9|0|0|0|0|1|0|0|0|0|0|0|1|1|0|0|0|1|0
CVE-2017-5990|PhreeBooksERP|0|0|1|0|2|0|0|0|1|0|1|0|1|0|1|2|0|0
CVE-2017-6087|eonweb|11|1|0|0|14|4|0|0|1|0|17|0|14|3|1|18|0|0
CVE-2017-6199|sandstorm|1|0|0|0|3|1|0|0|0|0|0|4|3|1|0|4|0|0
CVE-2017-6200|sandstorm|0|0|0|0|2|0|0|0|0|0|0|2|2|0|0|2|0|0
CVE-2017-6200|sandstorm|0|0|0|0|1|2|0|0|0|0|0|3|3|0|0|3|0|0
CVE-2017-6201|sandstorm|1|1|0|0|4|5|0|0|0|0|1|8|6|3|0|9|0|0
CVE-2017-6309|tnef|0|0|0|0|0|2|0|0|0|0|0|2|2|0|0|2|0|0
CVE-2017-6310|tnef|0|0|0|0|0|2|0|0|0|0|0|2|2|0|0|2|0|0
CVE-2017-6391|server|0|0|0|0|5|0|0|0|0|0|0|5|1|4|0|4|1|0
CVE-2015-3935|dolibarr|9|0|3|0|10|13|2|0|0|0|0|25|19|6|0|25|0|0
CVE-2015-4082|attic|0|0|0|1|2|1|0|0|0|0|0|3|3|0|0|3|0|0
CVE-2015-4471|libmspack|0|0|0|0|1|0|0|0|1|0|0|0|1|0|0|1|0|0
CVE-2017-6392|server|0|0|0|0|5|0|0|0|0|0|0|5|1|4|0|4|1|0
CVE-2017-6413|mod_auth_openidc|1|0|0|0|2|0|0|0|0|0|0|2|2|0|0|2|0|0
CVE-2015-5194|ntp|0|0|1|0|3|3|0|0|0|0|0|6|6|0|0|6|0|0
CVE-2017-6418|clamav-devel|0|0|0|0|0|1|2|0|1|0|0|2|1|2|0|2|1|0
CVE-2015-5195|ntp|1|1|1|0|0|2|1|0|0|0|0|3|3|0|0|3|0|0
CVE-2017-6419|clamav-devel|0|0|0|0|1|0|0|0|0|0|0|1|0|1|0|1|0|0
CVE-2015-5219|ntp|0|0|0|0|0|1|0|0|1|0|0|0|1|0|0|1|0|0
CVE-2015-5221|jasper|0|0|0|0|1|0|0|0|1|0|0|0|1|0|0|1|0|0
CVE-2017-6504|qBittorrent|1|0|0|0|1|0|0|0|0|0|0|1|0|0|1|1|0|0
CVE-2017-6511|FineCMS|0|0|1|0|2|1|0|0|1|0|0|2|2|0|1|3|0|0
CVE-2017-6594|heimdal|0|0|0|0|0|1|0|0|0|0|0|1|1|0|0|1|0|0
CVE-2017-6814|WordPress|1|0|0|0|0|1|0|0|0|0|0|1|1|0|0|1|0|0
CVE-2015-5224|util-linux|1|1|1|1|4|3|1|0|0|0|0|8|7|1|0|8|0|0
CVE-2015-5243|phpwhois|0|0|0|0|0|1|0|0|0|0|0|1|1|0|0|0|1|0
CVE-2015-5282|foreman|2|0|0|0|2|0|0|0|0|0|0|2|0|2|0|2|0|0
CVE-2015-5302|libreport|0|1|0|1|2|0|0|0|0|0|0|2|1|1|0|2|0|0
CVE-2017-6815|WordPress|0|0|0|0|2|0|0|0|0|0|0|2|2|0|0|2|0|0
CVE-2017-6816|WordPress|0|0|0|0|1|0|0|0|0|0|0|1|0|1|0|1|0|0
CVE-2017-6817|WordPress|0|0|1|0|2|0|0|0|0|0|0|2|2|0|0|1|1|0
CVE-2017-6818|WordPress|2|1|0|0|2|1|0|0|0|0|0|3|1|2|0|0|2|1
